filename,gt_label,pred_label,reason,correct
pass/id_001.jpg,PASS,FAIL,None,False
fail_blur/id_001.jpg,FAIL,FAIL,FAIL_BLUR,True
fail_dark/id_001.jpg,FAIL,FAIL,FAIL_DARK,True
fail_overexposed/id_001.jpg,FAIL,FAIL,FAIL_OVEREXPOSED,True
pass/id_002.jpg,PASS,PASS,None,True
fail_blur/id_002.jpg,FAIL,FAIL,FAIL_BLUR,True
fail_dark/id_002.jpg,FAIL,FAIL,FAIL_DARK,True
fail_overexposed/id_002.jpg,FAIL,FAIL,FAIL_OVEREXPOSED,True
pass/id_003.jpg,PASS,PASS,None,True
fail_blur/id_003.jpg,FAIL,FAIL,FAIL_BLUR,True
fail_dark/id_003.jpg,FAIL,FAIL,FAIL_DARK,True
fail_overexposed/id_003.jpg,FAIL,FAIL,FAIL_OVEREXPOSED,True
pass/id_004.jpg,PASS,PASS,None,True
fail_blur/id_004.jpg,FAIL,FAIL,FAIL_BLUR,True
fail_dark/id_004.jpg,FAIL,FAIL,FAIL_DARK,True
fail_overexposed/id_004.jpg,FAIL,FAIL,FAIL_OVEREXPOSED,True
pass/id_005.jpg,PASS,FAIL,None,False
fail_blur/id_005.jpg,FAIL,FAIL,FAIL_BLUR,True
fail_dark/id_005.jpg,FAIL,FAIL,FAIL_DARK,True
fail_overexposed/id_005.jpg,FAIL,FAIL,FAIL_OVEREXPOSED,True
pass/id_006.jpg,PASS,PASS,None,True
fail_blur/id_006.jpg,FAIL,FAIL,FAIL_BLUR,True
fail_dark/id_006.jpg,FAIL,FAIL,FAIL_DARK,True
fail_overexposed/id_006.jpg,FAIL,FAIL,FAIL_OVEREXPOSED,True
pass/id_007.jpg,PASS,PASS,None,True
fail_blur/id_007.jpg,FAIL,FAIL,FAIL_BLUR,True
fail_dark/id_007.jpg,FAIL,FAIL,FAIL_DARK,True
fail_overexposed/id_007.jpg,FAIL,FAIL,FAIL_OVEREXPOSED,True
pass/id_008.jpg,PASS,PASS,None,True
fail_blur/id_008.jpg,FAIL,FAIL,FAIL_BLUR,True
fail_dark/id_008.jpg,FAIL,FAIL,FAIL_DARK,True
fail_overexposed/id_008.jpg,FAIL,FAIL,FAIL_OVEREXPOSED,True
pass/id_009.jpg,PASS,PASS,None,True
fail_blur/id_009.jpg,FAIL,FAIL,FAIL_BLUR,True
fail_dark/id_009.jpg,FAIL,FAIL,FAIL_DARK,True
fail_overexposed/id_009.jpg,FAIL,FAIL,FAIL_OVEREXPOSED,True
pass/id_010.jpg,PASS,PASS,None,True
fail_blur/id_010.jpg,FAIL,FAIL,FAIL_BLUR,True
fail_dark/id_010.jpg,FAIL,FAIL,FAIL_DARK,True
fail_overexposed/id_010.jpg,FAIL,FAIL,FAIL_OVEREXPOSED,True
pass/id_011.jpg,PASS,PASS,None,True
fail_blur/id_011.jpg,FAIL,FAIL,FAIL_BLUR,True
fail_dark/id_011.jpg,FAIL,FAIL,FAIL_DARK,True
fail_overexposed/id_011.jpg,FAIL,FAIL,FAIL_OVEREXPOSED,True
pass/id_012.jpg,PASS,PASS,None,True
fail_blur/id_012.jpg,FAIL,FAIL,FAIL_BLUR,True
fail_dark/id_012.jpg,FAIL,FAIL,FAIL_DARK,True
fail_overexposed/id_012.jpg,FAIL,FAIL,FAIL_OVEREXPOSED,True
pass/id_013.jpg,PASS,FAIL,None,False
fail_blur/id_013.jpg,FAIL,FAIL,FAIL_BLUR,True
fail_dark/id_013.jpg,FAIL,FAIL,FAIL_DARK,True
fail_overexposed/id_013.jpg,FAIL,FAIL,FAIL_OVEREXPOSED,True
pass/id_014.jpg,PASS,PASS,None,True
fail_blur/id_014.jpg,FAIL,FAIL,FAIL_BLUR,True
fail_dark/id_014.jpg,FAIL,FAIL,FAIL_DARK,True
fail_overexposed/id_014.jpg,FAIL,FAIL,FAIL_OVEREXPOSED,True
pass/id_015.jpg,PASS,PASS,None,True
fail_blur/id_015.jpg,FAIL,FAIL,FAIL_BLUR,True
fail_dark/id_015.jpg,FAIL,FAIL,FAIL_DARK,True
fail_overexposed/id_015.jpg,FAIL,FAIL,FAIL_OVEREXPOSED,True
pass/id_016.jpg,PASS,PASS,None,True
fail_blur/id_016.jpg,FAIL,FAIL,FAIL_BLUR,True
fail_dark/id_016.jpg,FAIL,FAIL,FAIL_DARK,True
fail_overexposed/id_016.jpg,FAIL,FAIL,FAIL_OVEREXPOSED,True
pass/id_017.jpg,PASS,PASS,None,True
fail_blur/id_017.jpg,FAIL,FAIL,FAIL_BLUR,True
fail_dark/id_017.jpg,FAIL,FAIL,FAIL_DARK,True
fail_overexposed/id_017.jpg,FAIL,FAIL,FAIL_OVEREXPOSED,True
pass/id_018.jpg,PASS,PASS,None,True
fail_blur/id_018.jpg,FAIL,FAIL,FAIL_BLUR,True
fail_dark/id_018.jpg,FAIL,FAIL,FAIL_DARK,True
fail_overexposed/id_018.jpg,FAIL,FAIL,FAIL_OVEREXPOSED,True
pass/id_019.jpg,PASS,PASS,None,True
fail_blur/id_019.jpg,FAIL,FAIL,FAIL_BLUR,True
fail_dark/id_019.jpg,FAIL,FAIL,FAIL_DARK,True
fail_overexposed/id_019.jpg,FAIL,FAIL,FAIL_OVEREXPOSED,True
pass/id_020.jpg,PASS,PASS,None,True
fail_blur/id_020.jpg,FAIL,FAIL,FAIL_BLUR,True
fail_dark/id_020.jpg,FAIL,FAIL,FAIL_DARK,True
fail_overexposed/id_020.jpg,FAIL,FAIL,FAIL_OVEREXPOSED,True
pass/id_021.jpg,PASS,PASS,None,True
fail_blur/id_021.jpg,FAIL,FAIL,FAIL_BLUR,True
fail_dark/id_021.jpg,FAIL,FAIL,FAIL_DARK,True
fail_overexposed/id_021.jpg,FAIL,FAIL,FAIL_OVEREXPOSED,True
pass/id_022.jpg,PASS,PASS,None,True
fail_blur/id_022.jpg,FAIL,FAIL,FAIL_BLUR,True
fail_dark/id_022.jpg,FAIL,FAIL,FAIL_DARK,True
fail_overexposed/id_022.jpg,FAIL,FAIL,FAIL_OVEREXPOSED,True
pass/id_023.jpg,PASS,PASS,None,True
fail_blur/id_023.jpg,FAIL,FAIL,FAIL_BLUR,True
fail_dark/id_023.jpg,FAIL,FAIL,FAIL_DARK,True
fail_overexposed/id_023.jpg,FAIL,FAIL,FAIL_OVEREXPOSED,True
pass/id_024.jpg,PASS,PASS,None,True
fail_blur/id_024.jpg,FAIL,FAIL,FAIL_BLUR,True
fail_dark/id_024.jpg,FAIL,FAIL,FAIL_DARK,True
fail_overexposed/id_024.jpg,FAIL,FAIL,FAIL_OVEREXPOSED,True
pass/id_025.jpg,PASS,PASS,None,True
fail_blur/id_025.jpg,FAIL,FAIL,FAIL_BLUR,True
fail_dark/id_025.jpg,FAIL,FAIL,FAIL_DARK,True
fail_overexposed/id_025.jpg,FAIL,FAIL,FAIL_OVEREXPOSED,True
pass/id_026.jpg,PASS,PASS,None,True
fail_blur/id_026.jpg,FAIL,FAIL,FAIL_BLUR,True
fail_dark/id_026.jpg,FAIL,FAIL,FAIL_DARK,True
fail_overexposed/id_026.jpg,FAIL,FAIL,FAIL_OVEREXPOSED,True
pass/id_027.jpg,PASS,PASS,None,True
fail_blur/id_027.jpg,FAIL,FAIL,FAIL_BLUR,True
fail_dark/id_027.jpg,FAIL,FAIL,FAIL_DARK,True
fail_overexposed/id_027.jpg,FAIL,FAIL,FAIL_OVEREXPOSED,True
pass/id_028.jpg,PASS,PASS,None,True
fail_blur/id_028.jpg,FAIL,FAIL,FAIL_BLUR,True
fail_dark/id_028.jpg,FAIL,FAIL,FAIL_DARK,True
fail_overexposed/id_028.jpg,FAIL,FAIL,FAIL_OVEREXPOSED,True
pass/id_029.jpg,PASS,PASS,None,True
fail_blur/id_029.jpg,FAIL,FAIL,FAIL_BLUR,True
fail_dark/id_029.jpg,FAIL,FAIL,FAIL_DARK,True
fail_overexposed/id_029.jpg,FAIL,FAIL,FAIL_OVEREXPOSED,True
pass/id_030.jpg,PASS,PASS,None,True
fail_blur/id_030.jpg,FAIL,FAIL,FAIL_BLUR,True
fail_dark/id_030.jpg,FAIL,FAIL,FAIL_DARK,True
fail_overexposed/id_030.jpg,FAIL,FAIL,FAIL_OVEREXPOSED,True
pass/id_031.jpg,PASS,PASS,None,True
fail_blur/id_031.jpg,FAIL,FAIL,FAIL_BLUR,True
fail_dark/id_031.jpg,FAIL,FAIL,FAIL_DARK,True
fail_overexposed/id_031.jpg,FAIL,FAIL,FAIL_OVEREXPOSED,True
pass/id_032.jpg,PASS,PASS,None,True
fail_blur/id_032.jpg,FAIL,FAIL,FAIL_BLUR,True
fail_dark/id_032.jpg,FAIL,FAIL,FAIL_DARK,True
fail_overexposed/id_032.jpg,FAIL,FAIL,FAIL_OVEREXPOSED,True
pass/id_033.jpg,PASS,PASS,None,True
fail_blur/id_033.jpg,FAIL,FAIL,FAIL_BLUR,True
fail_dark/id_033.jpg,FAIL,FAIL,FAIL_DARK,True
fail_overexposed/id_033.jpg,FAIL,FAIL,FAIL_OVEREXPOSED,True
pass/id_034.jpg,PASS,FAIL,None,False
fail_blur/id_034.jpg,FAIL,FAIL,FAIL_BLUR,True
fail_dark/id_034.jpg,FAIL,FAIL,FAIL_DARK,True
fail_overexposed/id_034.jpg,FAIL,FAIL,FAIL_OVEREXPOSED,True
pass/id_035.jpg,PASS,PASS,None,True
fail_blur/id_035.jpg,FAIL,FAIL,FAIL_BLUR,True
fail_dark/id_035.jpg,FAIL,FAIL,FAIL_DARK,True
fail_overexposed/id_035.jpg,FAIL,FAIL,FAIL_OVEREXPOSED,True
pass/id_036.jpg,PASS,PASS,None,True
fail_blur/id_036.jpg,FAIL,FAIL,FAIL_BLUR,True
fail_dark/id_036.jpg,FAIL,FAIL,FAIL_DARK,True
fail_overexposed/id_036.jpg,FAIL,FAIL,FAIL_OVEREXPOSED,True
pass/id_037.jpg,PASS,PASS,None,True
fail_blur/id_037.jpg,FAIL,FAIL,FAIL_BLUR,True
fail_dark/id_037.jpg,FAIL,FAIL,FAIL_DARK,True
fail_overexposed/id_037.jpg,FAIL,FAIL,FAIL_OVEREXPOSED,True
pass/id_038.jpg,PASS,PASS,None,True
fail_blur/id_038.jpg,FAIL,FAIL,FAIL_BLUR,True
fail_dark/id_038.jpg,FAIL,FAIL,FAIL_DARK,True
fail_overexposed/id_038.jpg,FAIL,FAIL,FAIL_OVEREXPOSED,True
pass/id_039.jpg,PASS,PASS,None,True
fail_blur/id_039.jpg,FAIL,FAIL,FAIL_BLUR,True
fail_dark/id_039.jpg,FAIL,FAIL,FAIL_DARK,True
fail_overexposed/id_039.jpg,FAIL,FAIL,FAIL_OVEREXPOSED,True
pass/id_040.jpg,PASS,PASS,None,True
fail_blur/id_040.jpg,FAIL,FAIL,FAIL_BLUR,True
fail_dark/id_040.jpg,FAIL,FAIL,FAIL_DARK,True
fail_overexposed/id_040.jpg,FAIL,FAIL,FAIL_OVEREXPOSED,True
pass/id_041.jpg,PASS,FAIL,None,False
fail_blur/id_041.jpg,FAIL,FAIL,FAIL_BLUR,True
fail_dark/id_041.jpg,FAIL,FAIL,FAIL_DARK,True
fail_overexposed/id_041.jpg,FAIL,FAIL,FAIL_OVEREXPOSED,True
pass/id_042.jpg,PASS,PASS,None,True
fail_blur/id_042.jpg,FAIL,FAIL,FAIL_BLUR,True
fail_dark/id_042.jpg,FAIL,FAIL,FAIL_DARK,True
fail_overexposed/id_042.jpg,FAIL,FAIL,FAIL_OVEREXPOSED,True
pass/id_043.jpg,PASS,PASS,None,True
fail_blur/id_043.jpg,FAIL,FAIL,FAIL_BLUR,True
fail_dark/id_043.jpg,FAIL,FAIL,FAIL_DARK,True
fail_overexposed/id_043.jpg,FAIL,FAIL,FAIL_OVEREXPOSED,True
pass/id_044.jpg,PASS,PASS,None,True
fail_blur/id_044.jpg,FAIL,FAIL,FAIL_BLUR,True
fail_dark/id_044.jpg,FAIL,FAIL,FAIL_DARK,True
fail_overexposed/id_044.jpg,FAIL,FAIL,FAIL_OVEREXPOSED,True
pass/id_045.jpg,PASS,PASS,None,True
fail_blur/id_045.jpg,FAIL,FAIL,FAIL_BLUR,True
fail_dark/id_045.jpg,FAIL,FAIL,FAIL_DARK,True
fail_overexposed/id_045.jpg,FAIL,FAIL,FAIL_OVEREXPOSED,True
pass/id_046.jpg,PASS,PASS,None,True
fail_blur/id_046.jpg,FAIL,FAIL,FAIL_BLUR,True
fail_dark/id_046.jpg,FAIL,FAIL,FAIL_DARK,True
fail_overexposed/id_046.jpg,FAIL,FAIL,FAIL_OVEREXPOSED,True
pass/id_047.jpg,PASS,PASS,None,True
fail_blur/id_047.jpg,FAIL,FAIL,FAIL_BLUR,True
fail_dark/id_047.jpg,FAIL,FAIL,FAIL_DARK,True
fail_overexposed/id_047.jpg,FAIL,FAIL,FAIL_OVEREXPOSED,True
pass/id_048.jpg,PASS,PASS,None,True
fail_blur/id_048.jpg,FAIL,FAIL,FAIL_BLUR,True
fail_dark/id_048.jpg,FAIL,FAIL,FAIL_DARK,True
fail_overexposed/id_048.jpg,FAIL,FAIL,FAIL_OVEREXPOSED,True
pass/id_049.jpg,PASS,PASS,None,True
fail_blur/id_049.jpg,FAIL,FAIL,FAIL_BLUR,True
fail_dark/id_049.jpg,FAIL,FAIL,FAIL_DARK,True
fail_overexposed/id_049.jpg,FAIL,FAIL,FAIL_OVEREXPOSED,True
pass/id_050.jpg,PASS,PASS,None,True
fail_blur/id_050.jpg,FAIL,FAIL,FAIL_BLUR,True
fail_dark/id_050.jpg,FAIL,FAIL,FAIL_DARK,True
fail_overexposed/id_050.jpg,FAIL,FAIL,FAIL_OVEREXPOSED,True
